variable,m_value
firstnm,0.8190854870775348
lastnm,0.8349900596421471
sex,0.8648111332007953
