variable,u_value
firstnm,0.004454342984409799
lastnm,0.004878048780487805
sex,0.6071428571428571
