variable,u_value
firstnm,0.004464285714285714
lastnm,0.0024691358024691358
sex,0.538860103626943
month,0.07547169811320754
year,0.02142857142857143
