variable,m_value
firstnm,0.8190854870775348
lastnm,0.8349900596421471
sex,0.8648111332007953
month,0.30218687872763417
year,0.4671968190854871
