variable,u_value
firstnm,0.006666666666666667
lastnm,0.002232142857142857
sex,0.5555555555555556
month,0.07905138339920949
