variable,u_value
firstnm,0.006696428571428571
lastnm,0.006666666666666667
sex,0.5893617021276596
month,0.08712121212121213
